id,type,title,time,,,,,Results,,,,,
O9JnC,mist_file_light_1.txt,Process Start,1.49E+12,,,,,2.253,0.207,0.247,2.346,0.245,0.261
O9JnC,mist_file_light_1.txt,Recieved deployment ,1.49E+12,2.253,,,,,,,,,
O9JnC,mist_file_light_1.txt,Started deployment to Camunda,1.49E+12,,,,,9.585,8.513,6.169,10.528,34.77,28.988
O9JnC,mist_file_light_1.txt,Finished deployment to Camunda,1.49E+12,9.585,,,,,,,,,
O9JnC,mist_file_light_1.txt,Image Fetch Started,1.49E+12,,,,,0.468,0.499,16.301,14.159,0.527,0.502
O9JnC,mist_file_light_1.txt,Image Fetch complete,1.49E+12,0.468,,,,,,,,,
O9JnC,mist_file_light_1.txt,Mist-docker  started,1.49E+12,,,,,91.643,67.182,49.799,73.806,44.722,42.3
O9JnC,mist_file_light_1.txt,Mist-docker  completed,1.49E+12,91.643,,,,,,,,,
O9JnC,mist_file_light_1.txt,Sending response to callback,1.49E+12,,,,,0.031,0.011,0.014,0.019,0.019,0.027
O9JnC,mist_file_light_1.txt,Call back recieved,1.49E+12,0.031,,,,103.98,76.412,72.53,100.858,80.283,72.078
O9JnC,mist_file_light_1.txt,Process End,1.49E+12,,,,,,,,,,
,,,,,,,,,,,,,
Zf6J0,mist_file_light_1.txt,Process Start,1.49E+12,,,,,,,,,,
Zf6J0,mist_file_light_1.txt,Recieved deployment ,1.49E+12,0.207,,,,,,,,,
Zf6J0,mist_file_light_1.txt,Started deployment to Camunda,1.49E+12,,,,,,,,,,
Zf6J0,mist_file_light_1.txt,Finished deployment to Camunda,1.49E+12,8.513,,,,,,,,,
Zf6J0,mist_file_light_1.txt,Image Fetch Started,1.49E+12,,,,,,,,,,
Zf6J0,mist_file_light_1.txt,Image Fetch complete,1.49E+12,0.499,,,,,,,,,
Zf6J0,mist_file_light_1.txt,Mist-docker  started,1.49E+12,,,,,,,,,,
Zf6J0,mist_file_light_1.txt,Mist-docker  completed,1.49E+12,67.182,,,,,,,,,
Zf6J0,mist_file_light_1.txt,Sending response to callback,1.49E+12,,,,,,,,,,
Zf6J0,mist_file_light_1.txt,Call back recieved,1.49E+12,0.011,,,,,,,,,
Zf6J0,mist_file_light_1.txt,Process End,1.49E+12,,,,,,,,,,
,,,,,,,,,,,,,
2NxJj,mist_file_light_1.txt,Process Start,1.49E+12,,,,,,,,,,
2NxJj,mist_file_light_1.txt,Recieved deployment ,1.49E+12,0.247,,,,,,,,,
2NxJj,mist_file_light_1.txt,Started deployment to Camunda,1.49E+12,,,,,,,,,,
2NxJj,mist_file_light_1.txt,Finished deployment to Camunda,1.49E+12,6.169,,,,,,,,,
2NxJj,mist_file_light_1.txt,Image Fetch Started,1.49E+12,,,,,,,,,,
2NxJj,mist_file_light_1.txt,Image Fetch complete,1.49E+12,16.301,,,,,,,,,
2NxJj,mist_file_light_1.txt,Mist-docker  started,1.49E+12,,,,,,,,,,
2NxJj,mist_file_light_1.txt,Mist-docker  completed,1.49E+12,49.799,,,,,,,,,
2NxJj,mist_file_light_1.txt,Sending response to callback,1.49E+12,,,,,,,,,,
2NxJj,mist_file_light_1.txt,Call back recieved,1.49E+12,0.014,,,,,,,,,
2NxJj,mist_file_light_1.txt,Process End,1.49E+12,,,,,,,,,,
,,,,,,,,,,,,,
1pd3D,mist_file_light_1.txt,Process Start,1.49E+12,,,,,,,,,,
1pd3D,mist_file_light_1.txt,Recieved deployment ,1.49E+12,2.346,,,,,,,,,
1pd3D,mist_file_light_1.txt,Started deployment to Camunda,1.49E+12,,,,,,,,,,
1pd3D,mist_file_light_1.txt,Finished deployment to Camunda,1.49E+12,10.528,,,,,,,,,
1pd3D,mist_file_light_1.txt,Image Fetch Started,1.49E+12,,,,,,,,,,
1pd3D,mist_file_light_1.txt,Image Fetch complete,1.49E+12,14.159,,,,,,,,,
1pd3D,mist_file_light_1.txt,Mist-docker  started,1.49E+12,,,,,,,,,,
1pd3D,mist_file_light_1.txt,Mist-docker  completed,1.49E+12,73.806,,,,,,,,,
1pd3D,mist_file_light_1.txt,Sending response to callback,1.49E+12,,,,,,,,,,
1pd3D,mist_file_light_1.txt,Call back recieved,1.49E+12,0.019,,,,,,,,,
1pd3D,mist_file_light_1.txt,Process End,1.49E+12,,,,,,,,,,
,,,,,,,,,,,,,
VflJ3,mist_file_light_1.txt,Process Start,1.49E+12,,,,,,,,,,
VflJ3,mist_file_light_1.txt,Recieved deployment ,1.49E+12,0.245,,,,,,,,,
VflJ3,mist_file_light_1.txt,Started deployment to Camunda,1.49E+12,,,,,,,,,,
VflJ3,mist_file_light_1.txt,Finished deployment to Camunda,1.49E+12,34.77,,,,,,,,,
VflJ3,mist_file_light_1.txt,Image Fetch Started,1.49E+12,,,,,,,,,,
VflJ3,mist_file_light_1.txt,Image Fetch complete,1.49E+12,0.527,,,,,,,,,
VflJ3,mist_file_light_1.txt,Mist-docker  started,1.49E+12,,,,,,,,,,
VflJ3,mist_file_light_1.txt,Mist-docker  completed,1.49E+12,44.722,,,,,,,,,
VflJ3,mist_file_light_1.txt,Sending response to callback,1.49E+12,,,,,,,,,,
VflJ3,mist_file_light_1.txt,Call back recieved,1.49E+12,0.019,,,,,,,,,
VflJ3,mist_file_light_1.txt,Process End,1.49E+12,,,,,,,,,,
,,,,,,,,,,,,,
SKq4e,mist_file_light_1.txt,Process Start,1.49E+12,,,,,,,,,,
SKq4e,mist_file_light_1.txt,Recieved deployment ,1.49E+12,0.261,,,,,,,,,
SKq4e,mist_file_light_1.txt,Started deployment to Camunda,1.49E+12,,,,,,,,,,
SKq4e,mist_file_light_1.txt,Finished deployment to Camunda,1.49E+12,28.988,,,,,,,,,
SKq4e,mist_file_light_1.txt,Image Fetch Started,1.49E+12,,,,,,,,,,
SKq4e,mist_file_light_1.txt,Image Fetch complete,1.49E+12,0.502,,,,,,,,,
SKq4e,mist_file_light_1.txt,Mist-docker  started,1.49E+12,,,,,,,,,,
SKq4e,mist_file_light_1.txt,Mist-docker  completed,1.49E+12,42.3,,,,,,,,,
SKq4e,mist_file_light_1.txt,Sending response to callback,1.49E+12,,,,,,,,,,
SKq4e,mist_file_light_1.txt,Call back recieved,1.49E+12,0.027,,,,,,,,,
SKq4e,mist_file_light_1.txt,Process End,1.49E+12,,,,,,,,,,
,,,,
,results in the log where from this mem 1-1-local,,,
PQzWV,mist_file_light_1.txt,Process Start,1490209914142
PQzWV,mist_file_light_1.txt,Recieved deployment ,1490209915767
PQzWV,mist_file_light_1.txt,Started deployment to Camunda,1490209916469
PQzWV,mist_file_light_1.txt,Finished deployment to Camunda,1490209933575
PQzWV,mist_file_light_1.txt,Image Fetch Started,1490209935085
PQzWV,mist_file_light_1.txt,Image Fetch complete,1490209935442
PQzWV,mist_file_light_1.txt,Mist-docker  started,1490209938185
PQzWV,mist_file_light_1.txt,Mist-docker  completed,1490210028941
PQzWV,mist_file_light_1.txt,Sending response to callback,1490210034964
PQzWV,mist_file_light_1.txt,Call back recieved,1490210034997
PQzWV,mist_file_light_1.txt,Process End,1490210039966
,,,,
tvXH7,mist_file_light_1.txt,Process Start,1490210059997
tvXH7,mist_file_light_1.txt,Recieved deployment ,1490210060270
tvXH7,mist_file_light_1.txt,Started deployment to Camunda,1490210060334
tvXH7,mist_file_light_1.txt,Finished deployment to Camunda,1490210066768
tvXH7,mist_file_light_1.txt,Image Fetch Started,1490210066930
tvXH7,mist_file_light_1.txt,Image Fetch complete,1490210067433
tvXH7,mist_file_light_1.txt,Mist-docker  started,1490210072879
tvXH7,mist_file_light_1.txt,Mist-docker  completed,1490210133237
tvXH7,mist_file_light_1.txt,Sending response to callback,1490210139345
,,,,
YrPr2,mist_file_light_1.txt,Process Start,1490210213511
YrPr2,mist_file_light_1.txt,Recieved deployment ,1490210213768
YrPr2,mist_file_light_1.txt,Started deployment to Camunda,1490210214050
YrPr2,mist_file_light_1.txt,Finished deployment to Camunda,1490210219603
YrPr2,mist_file_light_1.txt,Image Fetch Started,1490210219737
YrPr2,mist_file_light_1.txt,Image Fetch complete,1490210219962
YrPr2,mist_file_light_1.txt,Mist-docker  started,1490210222758
YrPr2,mist_file_light_1.txt,Mist-docker  completed,1490210305308
YrPr2,mist_file_light_1.txt,Sending response to callback,1490210311457
YrPr2,mist_file_light_1.txt,Call back recieved,1490210311472
YrPr2,mist_file_light_1.txt,Process End,1490210317263
