id,type,title,time,
R7CN5,mist_file_light_0.txt,Process Start,1.49008E+12,
R7CN5,mist_file_light_0.txt,Recieved deployment ,1.49008E+12,1.472
R7CN5,mist_file_light_0.txt,Started deployment to Camunda,1.49008E+12,
R7CN5,mist_file_light_0.txt,Finished deployment to Camunda,1.49008E+12,8.855
R7CN5,mist_file_light_0.txt,Mist-docker  started,1.49008E+12,
R7CN5,mist_file_light_0.txt,Mist-docker  completed,1.49008E+12,88.964
R7CN5,mist_file_light_0.txt,Sending response to callback,1.49008E+12,
R7CN5,mist_file_light_0.txt,Call back recieved,1.49008E+12,0.028
,,,,99.319
R7CN5,mist_file_light_0.txt,Process End,1.49008E+12,
0ncud,mist_file_light_1.txt,Process Start,1.49008E+12,14.092
0ncud,mist_file_light_1.txt,Recieved deployment ,1.49008E+12,
0ncud,mist_file_light_1.txt,Started deployment to Camunda,1.49008E+12,0.063
0ncud,mist_file_light_1.txt,Finished deployment to Camunda,1.49008E+12,
0ncud,mist_file_light_1.txt,Image Fetch Started,1.49008E+12,
0ncud,mist_file_light_1.txt,Image Fetch complete,1.49008E+12,4.273
0ncud,mist_file_light_1.txt,Mist-docker  started,1.49008E+12,
0ncud,mist_file_light_1.txt,Mist-docker  completed,1.49008E+12,58.208
0ncud,mist_file_light_1.txt,Sending response to callback,1.49008E+12,
0ncud,mist_file_light_1.txt,Call back recieved,1.49008E+12,0.013
0ncud,mist_file_light_1.txt,Process End,1.49008E+12,
,,,,76.649
Bp1sj,mist_file_light_0.txt,Process Start,1.49008E+12,
Bp1sj,mist_file_light_0.txt,Recieved deployment ,1.49008E+12,0.212
Bp1sj,mist_file_light_0.txt,Started deployment to Camunda,1.49008E+12,
Bp1sj,mist_file_light_0.txt,Finished deployment to Camunda,1.49008E+12,10.035
Bp1sj,mist_file_light_0.txt,Mist-docker  started,1.49008E+12,
Bp1sj,mist_file_light_0.txt,Mist-docker  completed,1.49008E+12,62.172
Bp1sj,mist_file_light_0.txt,Sending response to callback,1.49008E+12,
Bp1sj,mist_file_light_0.txt,Call back recieved,1.49008E+12,0.017
Bp1sj,mist_file_light_0.txt,Process End,1.49008E+12,
,,,,72.436
hAg3K,mist_file_light_1.txt,Process Start,1.49008E+12,
hAg3K,mist_file_light_1.txt,Recieved deployment ,1.49008E+12,0.215
hAg3K,mist_file_light_1.txt,Started deployment to Camunda,1.49008E+12,
hAg3K,mist_file_light_1.txt,Finished deployment to Camunda,1.49008E+12,5.548
hAg3K,mist_file_light_1.txt,Image Fetch Started,1.49008E+12,
hAg3K,mist_file_light_1.txt,Image Fetch complete,1.49008E+12,12.589
hAg3K,mist_file_light_1.txt,Mist-docker  started,1.49008E+12,
hAg3K,mist_file_light_1.txt,Mist-docker  completed,1.49008E+12,42.529
hAg3K,mist_file_light_1.txt,Sending response to callback,1.49008E+12,
hAg3K,mist_file_light_1.txt,Call back recieved,1.49008E+12,0.018
hAg3K,mist_file_light_1.txt,Process End,1.49008E+12,
,,,,60.899