Reoved ,,,,
dV91K,mist_file_heavy_1.txt,,Process Start,1.50016E+12
dV91K,mist_file_heavy_1.txt,mist-one,Uploading war started,1.50016E+12
dV91K,mist_file_heavy_1.txt,mist-one,Uploading war finished,1.50016E+12
dV91K,mist_file_heavy_1.txt,mist-one,Finished deployment to Camunda,1.50016E+12
dV91K,mist_file_heavy_1.txt,mist-one,Start  Remote Process Engine ,1.50016E+12
dV91K,mist_file_heavy_1.txt,mist-one,Image Fetch Started,1.50016E+12
dV91K,mist_file_heavy_1.txt,mist-one,Image Fetch complete,1.50016E+12
dV91K,mist_file_heavy_1.txt,mist-one,Mist-docker  started,1.50016E+12
dV91K,mist_file_heavy_1.txt,mist-one,Mist-docker  completed,1.50016E+12
dV91K,mist_file_heavy_1.txt,mist-one,Sending response to callback,1.50016E+12
dV91K,mist_file_heavy_1.txt,mist-one,Call back received,1.50016E+12
,,,,
dV91K,mist_file_heavy_1.txt,node2,Process Start,1.50016E+12
dV91K,mist_file_heavy_1.txt,mist-two,Uploading war started,1.50016E+12
dV91K,mist_file_heavy_1.txt,mist-two,Uploading war finished,1.50016E+12
dV91K,mist_file_heavy_1.txt,mist-two,Finished deployment to Camunda,1.50016E+12
dV91K,mist_file_heavy_1.txt,mist-two,Start  Remote Process Engine ,1.50016E+12
dV91K,mist_file_heavy_1.txt,mist-two,Image Fetch Started,1.50016E+12
dV91K,mist_file_heavy_1.txt,mist-two,Image Fetch complete,1.50016E+12
dV91K,mist_file_heavy_1.txt,mist-two,Mist-docker  started,1.50016E+12
dV91K,mist_file_heavy_1.txt,mist-two,Mist-docker  completed,1.50016E+12
dV91K,mist_file_heavy_1.txt,mist-two,Sending response to callback,1.50016E+12
dV91K,mist_file_heavy_1.txt,mist-two,Call back received,1.50016E+12
end ,,,,
,,,,
ZBNdp,mist_file_heavy_1.txt,node1,Process Start,1.50031E+12
ZBNdp,mist_file_heavy_1.txt,mist-one,Uploading war started,1.50031E+12
ZBNdp,mist_file_heavy_1.txt,mist-one,Uploading war finished,1.50031E+12
ZBNdp,mist_file_heavy_1.txt,mist-one,Finished deployment to Camunda,1.50031E+12
ZBNdp,mist_file_heavy_1.txt,mist-one,Start  Remote Process Engine ,1.50031E+12
ZBNdp,mist_file_heavy_1.txt,mist-one,Image Fetch Started,1.50031E+12
ZBNdp,mist_file_heavy_1.txt,mist-one,Image Fetch complete,1.50031E+12
ZBNdp,mist_file_heavy_1.txt,mist-one,Mist-docker  started,1.50031E+12
ZBNdp,mist_file_heavy_1.txt,mist-one,Mist-docker  completed,1.50032E+12
ZBNdp,mist_file_heavy_1.txt,mist-one,Sending response to callback,1.50032E+12
ZBNdp,mist_file_heavy_1.txt,mist-one,Call back received,1.50032E+12
,,,,
ZBNdp,mist_file_heavy_1.txt,node2,Process Start,1.50031E+12
ZBNdp,mist_file_heavy_1.txt,mist-two,Uploading war started,1.50031E+12
ZBNdp,mist_file_heavy_1.txt,mist-two,Uploading war finished,1.50031E+12
ZBNdp,mist_file_heavy_1.txt,mist-two,Finished deployment to Camunda,1.50031E+12
ZBNdp,mist_file_heavy_1.txt,mist-two,Start  Remote Process Engine ,1.50031E+12
ZBNdp,mist_file_heavy_1.txt,mist-two,Image Fetch Started,1.50031E+12
ZBNdp,mist_file_heavy_1.txt,mist-two,Image Fetch complete,1.50031E+12
ZBNdp,mist_file_heavy_1.txt,mist-two,Mist-docker  started,1.50031E+12
ZBNdp,mist_file_heavy_1.txt,mist-two,Mist-docker  completed,1.50032E+12
ZBNdp,mist_file_heavy_1.txt,mist-two,Sending response to callback,1.50032E+12
ZBNdp,mist_file_heavy_1.txt,mist-two,Call back received,1.50032E+12
,,,,
,,,,
f39QA,mist_file_heavy_1.txt,node1,Process Start,1.50024E+12
f39QA,mist_file_heavy_1.txt,mist-one,Uploading war started,1.50024E+12
f39QA,mist_file_heavy_1.txt,mist-one,Uploading war finished,1.50024E+12
f39QA,mist_file_heavy_1.txt,mist-one,Finished deployment to Camunda,1.50024E+12
f39QA,mist_file_heavy_1.txt,mist-one,Start  Remote Process Engine ,1.50024E+12
f39QA,mist_file_heavy_1.txt,mist-one,Image Fetch Started,1.50024E+12
f39QA,mist_file_heavy_1.txt,mist-one,Image Fetch complete,1.50024E+12
f39QA,mist_file_heavy_1.txt,mist-one,Mist-docker  started,1.50024E+12
f39QA,mist_file_heavy_1.txt,mist-one,Mist-docker  completed,1.50024E+12
f39QA,mist_file_heavy_1.txt,mist-one,Sending response to callback,1.50024E+12
f39QA,mist_file_heavy_1.txt,mist-one,Call back received,1.50024E+12
f39QA,mist_file_heavy_1.txt,node2,Process Start,1.50024E+12
f39QA,mist_file_heavy_1.txt,mist-two,Uploading war started,1.50024E+12
f39QA,mist_file_heavy_1.txt,mist-two,Uploading war finished,1.50024E+12
f39QA,mist_file_heavy_1.txt,mist-two,Finished deployment to Camunda,1.50024E+12
f39QA,mist_file_heavy_1.txt,mist-two,Start  Remote Process Engine ,1.50024E+12
f39QA,mist_file_heavy_1.txt,mist-two,Image Fetch Started,1.50024E+12
f39QA,mist_file_heavy_1.txt,mist-two,Image Fetch complete,1.50024E+12
f39QA,mist_file_heavy_1.txt,mist-two,Mist-docker  started,1.50024E+12
f39QA,mist_file_heavy_1.txt,mist-two,Mist-docker  completed,1.50024E+12
f39QA,mist_file_heavy_1.txt,mist-two,Sending response to callback,1.50024E+12
f39QA,mist_file_heavy_1.txt,mist-two,Call back received,1.50024E+12
,,,,
,,,,
,payload sent,,,
,,,,
YOgSl,mist_file_heavy_0.txt,node1,Process Start,1.50017E+12
YOgSl,mist_file_heavy_0.txt,mist-one,Uploading payload started,1.50017E+12
YOgSl,mist_file_heavy_0.txt,mist-one,Uploading payload finished,1.50017E+12
YOgSl,mist_file_heavy_0.txt,mist-one,Uploading war started,1.50017E+12
YOgSl,mist_file_heavy_0.txt,mist-one,Uploading war finished,1.50017E+12
YOgSl,mist_file_heavy_0.txt,mist-one,Finished deployment to Camunda,1.50017E+12
YOgSl,mist_file_heavy_0.txt,mist-one,Start  Remote Process Engine ,1.50017E+12
YOgSl,mist_file_heavy_0.txt,mist-one,Mist-docker  started,1.50017E+12
YOgSl,mist_file_heavy_0.txt,mist-one,Mist-docker  completed,1.50017E+12
YOgSl,mist_file_heavy_0.txt,mist-one,Sending response to callback,1.50017E+12
YOgSl,mist_file_heavy_0.txt,mist-one,Call back received,1.50017E+12
,,,,
YOgSl,mist_file_heavy_0.txt,node2,Process Start,1.50017E+12
YOgSl,mist_file_heavy_0.txt,mist-two,Uploading payload started,1.50017E+12
YOgSl,mist_file_heavy_0.txt,mist-two,Uploading payload finished,1.50017E+12
YOgSl,mist_file_heavy_0.txt,mist-two,Uploading war started,1.50017E+12
YOgSl,mist_file_heavy_0.txt,mist-two,Uploading war finished,1.50017E+12
YOgSl,mist_file_heavy_0.txt,mist-two,Finished deployment to Camunda,1.50017E+12
YOgSl,mist_file_heavy_0.txt,mist-two,Start  Remote Process Engine ,1.50017E+12
YOgSl,mist_file_heavy_0.txt,mist-two,Mist-docker  started,1.50017E+12
YOgSl,mist_file_heavy_0.txt,mist-two,Mist-docker  completed,1.50017E+12
YOgSl,mist_file_heavy_0.txt,mist-two,Sending response to callback,1.50017E+12
YOgSl,mist_file_heavy_0.txt,mist-two,Call back received,1.50017E+12
,,,,
,,,,
eZUAO,mist_file_heavy_0.txt,node1,Process Start,1.50023E+12
eZUAO,mist_file_heavy_0.txt,mist-one,Uploading payload started,1.50023E+12
eZUAO,mist_file_heavy_0.txt,mist-one,Uploading payload finished,1.50023E+12
eZUAO,mist_file_heavy_0.txt,mist-one,Uploading war started,1.50023E+12
eZUAO,mist_file_heavy_0.txt,mist-one,Uploading war finished,1.50023E+12
eZUAO,mist_file_heavy_0.txt,mist-one,Finished deployment to Camunda,1.50023E+12
eZUAO,mist_file_heavy_0.txt,mist-one,Start  Remote Process Engine ,1.50023E+12
eZUAO,mist_file_heavy_0.txt,mist-one,Mist-docker  started,1.50023E+12
eZUAO,mist_file_heavy_0.txt,mist-one,Mist-docker  completed,1.50024E+12
eZUAO,mist_file_heavy_0.txt,mist-one,Sending response to callback,1.50024E+12
eZUAO,mist_file_heavy_0.txt,mist-one,Call back received,1.50024E+12
,,,,
eZUAO,mist_file_heavy_0.txt,node2,Process Start,1.50023E+12
eZUAO,mist_file_heavy_0.txt,mist-two,Uploading payload started,1.50023E+12
eZUAO,mist_file_heavy_0.txt,mist-two,Uploading payload finished,1.50023E+12
eZUAO,mist_file_heavy_0.txt,mist-two,Uploading war started,1.50023E+12
eZUAO,mist_file_heavy_0.txt,mist-two,Uploading war finished,1.50023E+12
eZUAO,mist_file_heavy_0.txt,mist-two,Finished deployment to Camunda,1.50023E+12
eZUAO,mist_file_heavy_0.txt,mist-two,Start  Remote Process Engine ,1.50023E+12
eZUAO,mist_file_heavy_0.txt,mist-two,Mist-docker  started,1.50023E+12
eZUAO,mist_file_heavy_0.txt,mist-two,Mist-docker  completed,1.50024E+12
eZUAO,mist_file_heavy_0.txt,mist-two,Sending response to callback,1.50024E+12
eZUAO,mist_file_heavy_0.txt,mist-two,Call back received,1.50024E+12
,,payload,3,
,,,,
0FPCQ,mist_file_heavy_0.txt,node1,Process Start,1500319262050
0FPCQ,mist_file_heavy_0.txt,mist-one,Uploading payload started,1500319262068
0FPCQ,mist_file_heavy_0.txt,mist-one,Uploading payload finished,1500319265717
0FPCQ,mist_file_heavy_0.txt,mist-one,Uploading war started,1500319265719
0FPCQ,mist_file_heavy_0.txt,mist-one,Uploading war finished,1500319273344
0FPCQ,mist_file_heavy_0.txt,mist-one,Finished deployment to Camunda,1500319273346
0FPCQ,mist_file_heavy_0.txt,mist-one,Start  Remote Process Engine ,1500319273347
0FPCQ,mist_file_heavy_0.txt,mist-one,Mist-docker  started,1500319273423
0FPCQ,mist_file_heavy_0.txt,mist-one,Mist-docker  completed,1500319322921
0FPCQ,mist_file_heavy_0.txt,mist-one,Sending response to callback,1500319328975
0FPCQ,mist_file_heavy_0.txt,mist-one,Call back received,1500319329650
,,,,
0FPCQ,mist_file_heavy_0.txt,node2,Process Start,1500319262069
0FPCQ,mist_file_heavy_0.txt,mist-two,Uploading payload started,1500319262082
0FPCQ,mist_file_heavy_0.txt,mist-two,Uploading payload finished,1500319264729
0FPCQ,mist_file_heavy_0.txt,mist-two,Uploading war started,1500319264730
0FPCQ,mist_file_heavy_0.txt,mist-two,Uploading war finished,1500319272724
0FPCQ,mist_file_heavy_0.txt,mist-two,Finished deployment to Camunda,1500319272726
0FPCQ,mist_file_heavy_0.txt,mist-two,Start  Remote Process Engine ,1500319272726
0FPCQ,mist_file_heavy_0.txt,mist-two,Mist-docker  started,1500319272798
0FPCQ,mist_file_heavy_0.txt,mist-two,Mist-docker  completed,1500319324700
0FPCQ,mist_file_heavy_0.txt,mist-two,Sending response to callback,1500319333997
0FPCQ,mist_file_heavy_0.txt,mist-two,Call back received,1500319334666
