x67VK,mist_file_heavy_1.txt,Process Start,1490733752916
x67VK,mist_file_heavy_1.txt,Recieved deployment ,1490733755370
x67VK,mist_file_heavy_1.txt,Started deployment to Camunda,1490733755500
x67VK,mist_file_heavy_1.txt,Finished deployment to Camunda,1490733765657
x67VK,mist_file_heavy_1.txt,Image Fetch Started,1490733767176
x67VK,mist_file_heavy_1.txt,Image Fetch complete,1490733790917
x67VK,mist_file_heavy_1.txt,Mist-docker  started,1490733848311
x67VK,mist_file_heavy_1.txt,Mist-docker  completed,1490733912233
x67VK,mist_file_heavy_1.txt,Sending response to callback,1490733918255
x67VK,mist_file_heavy_1.txt,Call back recieved,1490733918292
x67VK,mist_file_heavy_1.txt,Process End,1490733922500
3MUvZ,mist_file_heavy_1.txt,Process Start,1490733937513
3MUvZ,mist_file_heavy_1.txt,Recieved deployment ,1490733937811
3MUvZ,mist_file_heavy_1.txt,Started deployment to Camunda,1490733938097
3MUvZ,mist_file_heavy_1.txt,Finished deployment to Camunda,1490733943896
3MUvZ,mist_file_heavy_1.txt,Image Fetch Started,1490733944029
3MUvZ,mist_file_heavy_1.txt,Image Fetch complete,1490733998149
3MUvZ,mist_file_heavy_1.txt,Mist-docker  started,1490734000168
3MUvZ,mist_file_heavy_1.txt,Mist-docker  completed,1490734072318
3MUvZ,mist_file_heavy_1.txt,Sending response to callback,1490734078339
3MUvZ,mist_file_heavy_1.txt,Call back recieved,1490734078355
3MUvZ,mist_file_heavy_1.txt,Process End,1490734081628
FL4lg,mist_file_heavy_1.txt,Process Start,1490734171057
FL4lg,mist_file_heavy_1.txt,Recieved deployment ,1490734171346
FL4lg,mist_file_heavy_1.txt,Started deployment to Camunda,1490734171386
FL4lg,mist_file_heavy_1.txt,Finished deployment to Camunda,1490734176888
FL4lg,mist_file_heavy_1.txt,Image Fetch Started,1490734177005
FL4lg,mist_file_heavy_1.txt,Image Fetch complete,1490734251029
FL4lg,mist_file_heavy_1.txt,Mist-docker  started,1490734254024
FL4lg,mist_file_heavy_1.txt,Mist-docker  completed,1490734296605
FL4lg,mist_file_heavy_1.txt,Sending response to callback,1490734302621
FL4lg,mist_file_heavy_1.txt,Call back recieved,1490734302637
FL4lg,mist_file_heavy_1.txt,Process End,1490734305862
8C8x6,mist_file_heavy_1.txt,Process Start,1490734312842
8C8x6,mist_file_heavy_1.txt,Recieved deployment ,1490734313135
8C8x6,mist_file_heavy_1.txt,Started deployment to Camunda,1490734313188
8C8x6,mist_file_heavy_1.txt,Finished deployment to Camunda,1490734319367
8C8x6,mist_file_heavy_1.txt,Image Fetch Started,1490734319492
8C8x6,mist_file_heavy_1.txt,Image Fetch complete,1490734347954
8C8x6,mist_file_heavy_1.txt,Mist-docker  started,1490734349976
8C8x6,mist_file_heavy_1.txt,Mist-docker  completed,1490734441822
8C8x6,mist_file_heavy_1.txt,Sending response to callback,1490734450694
8C8x6,mist_file_heavy_1.txt,Call back recieved,1490734450712
8C8x6,mist_file_heavy_1.txt,Process End,1490734453661
