nuV9S,mist_file_heavy_0.txt,Process Start,1.49073E+12
nuV9S,mist_file_heavy_0.txt,Recieved deployment ,1.49073E+12
nuV9S,mist_file_heavy_0.txt,Started deployment to Camunda,1.49073E+12
nuV9S,mist_file_heavy_0.txt,Finished deployment to Camunda,1.49073E+12
nuV9S,mist_file_heavy_0.txt,Mist-docker  started,1.49073E+12
nuV9S,mist_file_heavy_0.txt,Mist-docker  completed,1.49073E+12
nuV9S,mist_file_heavy_0.txt,Sending response to callback,1.49073E+12
nuV9S,mist_file_heavy_0.txt,Call back recieved,1.49073E+12
nuV9S,mist_file_heavy_0.txt,Process End,1.49073E+12
,,,
7B1tD,mist_file_heavy_0.txt,Process Start,1.49073E+12
7B1tD,mist_file_heavy_0.txt,Recieved deployment ,1.49073E+12
7B1tD,mist_file_heavy_0.txt,Started deployment to Camunda,1.49073E+12
7B1tD,mist_file_heavy_0.txt,Finished deployment to Camunda,1.49073E+12
7B1tD,mist_file_heavy_0.txt,Mist-docker  started,1.49073E+12
7B1tD,mist_file_heavy_0.txt,Mist-docker  completed,1.49073E+12
7B1tD,mist_file_heavy_0.txt,Sending response to callback,1.49073E+12
7B1tD,mist_file_heavy_0.txt,Call back recieved,1.49073E+12
7B1tD,mist_file_heavy_0.txt,Process End,1.49073E+12
,,,
lXCSf,mist_file_heavy_0.txt,Process Start,1.49073E+12
lXCSf,mist_file_heavy_0.txt,Recieved deployment ,1.49073E+12
lXCSf,mist_file_heavy_0.txt,Started deployment to Camunda,1.49073E+12
lXCSf,mist_file_heavy_0.txt,Finished deployment to Camunda,1.49073E+12
lXCSf,mist_file_heavy_0.txt,Mist-docker  started,1.49073E+12
lXCSf,mist_file_heavy_0.txt,Mist-docker  completed,1.49073E+12
lXCSf,mist_file_heavy_0.txt,Sending response to callback,1.49073E+12
lXCSf,mist_file_heavy_0.txt,Call back recieved,1.49073E+12
lXCSf,mist_file_heavy_0.txt,Process End,1.49073E+12
,,,
GjKHM,mist_file_heavy_0.txt,Process Start,1.49073E+12
GjKHM,mist_file_heavy_0.txt,Recieved deployment ,1.49073E+12
GjKHM,mist_file_heavy_0.txt,Started deployment to Camunda,1.49073E+12
GjKHM,mist_file_heavy_0.txt,Finished deployment to Camunda,1.49073E+12
GjKHM,mist_file_heavy_0.txt,Mist-docker  started,1.49073E+12
GjKHM,mist_file_heavy_0.txt,Mist-docker  completed,1.49073E+12
GjKHM,mist_file_heavy_0.txt,Sending response to callback,1.49073E+12
GjKHM,mist_file_heavy_0.txt,Call back recieved,1.49073E+12
GjKHM,mist_file_heavy_0.txt,Process End,1.49073E+12
,,,
odAcU,mist_file_heavy_0.txt,Process Start,1.49073E+12
odAcU,mist_file_heavy_0.txt,Recieved deployment ,1.49073E+12
odAcU,mist_file_heavy_0.txt,Started deployment to Camunda,1.49073E+12
odAcU,mist_file_heavy_0.txt,Finished deployment to Camunda,1.49073E+12
odAcU,mist_file_heavy_0.txt,Mist-docker  started,1.49073E+12
odAcU,mist_file_heavy_0.txt,Mist-docker  completed,1.49073E+12
odAcU,mist_file_heavy_0.txt,Sending response to callback,1.49073E+12
odAcU,mist_file_heavy_0.txt,Call back recieved,1.49073E+12
odAcU,mist_file_heavy_0.txt,Process End,1.49073E+12